INSERT INTO locations (id, country, city, state) VALUES (1, N'Colombia', N'Bogota', N'Bogotá');
INSERT INTO locations (id, country, city, state) VALUES (2, N'Colombia', N'Timbio', N'Cauca');
INSERT INTO locations (id, country, city, state) VALUES (3, N'Colombia', N'Medellin', N'Antioquia');
INSERT INTO locations (id, country, city, state) VALUES (4, N'Colombia', N'Cali', N'Valle Del Cauca');
INSERT INTO locations (id, country, city, state) VALUES (5, N'Colombia', N'Barranquilla', N'Atlántico');
INSERT INTO locations (id, country, city, state) VALUES (6, N'Colombia', N'Cartagena', N'Bolívar');
INSERT INTO locations (id, country, city, state) VALUES (7, N'Colombia', N'Palermo', N'Huila');
INSERT INTO locations (id, country, city, state) VALUES (8, N'Colombia', N'Cucuta', N'Norte De Santander');
INSERT INTO locations (id, country, city, state) VALUES (9, N'Colombia', N'Soledad', N'Atlántico');
INSERT INTO locations (id, country, city, state) VALUES (10, N'Colombia', N'Pereira', N'Risaralda');
INSERT INTO locations (id, country, city, state) VALUES (11, N'Colombia', N'Bucaramanga', N'Santander');
INSERT INTO locations (id, country, city, state) VALUES (12, N'Colombia', N'Valledupar', N'Cesar');
INSERT INTO locations (id, country, city, state) VALUES (13, N'Colombia', N'Ibague', N'Tolima');
INSERT INTO locations (id, country, city, state) VALUES (14, N'Colombia', N'Villavicencio', N'Meta');
INSERT INTO locations (id, country, city, state) VALUES (15, N'Colombia', N'Soacha', N'Cundinamarca');
INSERT INTO locations (id, country, city, state) VALUES (16, N'Colombia', N'Santa Marta', N'Magdalena');
INSERT INTO locations (id, country, city, state) VALUES (17, N'Colombia', N'Monteria', N'Córdoba');
INSERT INTO locations (id, country, city, state) VALUES (18, N'Colombia', N'Manizales', N'Caldas');
INSERT INTO locations (id, country, city, state) VALUES (19, N'Colombia', N'Buenaventura', N'Valle Del Cauca');
INSERT INTO locations (id, country, city, state) VALUES (20, N'Colombia', N'Pasto', N'Nariño');
INSERT INTO locations (id, country, city, state) VALUES (21, N'Colombia', N'Bello', N'Antioquia');
INSERT INTO locations (id, country, city, state) VALUES (22, N'Colombia', N'Neiva', N'Huila');
INSERT INTO locations (id, country, city, state) VALUES (23, N'Colombia', N'Palmira', N'Valle Del Cauca');
INSERT INTO locations (id, country, city, state) VALUES (24, N'Colombia', N'Zarzal', N'Valle Del Cauca');
INSERT INTO locations (id, country, city, state) VALUES (25, N'Colombia', N'Armenia', N'Quindío');
INSERT INTO locations (id, country, city, state) VALUES (26, N'Colombia', N'Popayan', N'Cauca');
INSERT INTO locations (id, country, city, state) VALUES (27, N'Colombia', N'Sincelejo', N'Sucre');
INSERT INTO locations (id, country, city, state) VALUES (28, N'Colombia', N'Itagui', N'Antioquia');
INSERT INTO locations (id, country, city, state) VALUES (29, N'Colombia', N'Floridablanca', N'Santander');
INSERT INTO locations (id, country, city, state) VALUES (30, N'Colombia', N'Envigado', N'Antioquia');
INSERT INTO locations (id, country, city, state) VALUES (31, N'Colombia', N'Tulua', N'Valle Del Cauca');
INSERT INTO locations (id, country, city, state) VALUES (32, N'Colombia', N'Barrancabermeja', N'Santander');
INSERT INTO locations (id, country, city, state) VALUES (33, N'Colombia', N'Tunja', N'Boyacá');
INSERT INTO locations (id, country, city, state) VALUES (34, N'Colombia', N'Zipaquira', N'Cundinamarca');
INSERT INTO locations (id, country, city, state) VALUES (35, N'Colombia', N'Turbo', N'Antioquia');
INSERT INTO locations (id, country, city, state) VALUES (36, N'Colombia', N'Dosquebradas', N'Risaralda');
INSERT INTO locations (id, country, city, state) VALUES (37, N'Colombia', N'Riohacha', N'La Guajira');
INSERT INTO locations (id, country, city, state) VALUES (38, N'Colombia', N'Giron', N'Santander');
INSERT INTO locations (id, country, city, state) VALUES (39, N'Colombia', N'Florencia', N'Caquetá');
INSERT INTO locations (id, country, city, state) VALUES (40, N'Colombia', N'Fusagasuga', N'Cundinamarca');
INSERT INTO locations (id, country, city, state) VALUES (41, N'Colombia', N'Rionegro', N'Antioquia');
INSERT INTO locations (id, country, city, state) VALUES (42, N'Colombia', N'Cartago', N'Valle Del Cauca');
INSERT INTO locations (id, country, city, state) VALUES (43, N'Colombia', N'Pitalito', N'Huila');
INSERT INTO locations (id, country, city, state) VALUES (44, N'Colombia', N'Quibdo', N'Chocó');
INSERT INTO locations (id, country, city, state) VALUES (45, N'Colombia', N'Girardot', N'Cundinamarca');
INSERT INTO locations (id, country, city, state) VALUES (46, N'Colombia', N'Cienaga', N'Magdalena');
INSERT INTO locations (id, country, city, state) VALUES (47, N'Colombia', N'Duitama', N'Boyacá');
INSERT INTO locations (id, country, city, state) VALUES (48, N'Colombia', N'Magangue', N'Bolívar');
INSERT INTO locations (id, country, city, state) VALUES (49, N'Colombia', N'Maicao', N'La Guajira');
INSERT INTO locations (id, country, city, state) VALUES (50, N'Colombia', N'Apartado', N'Antioquia');
INSERT INTO locations (id, country, city, state) VALUES (51, N'Colombia', N'Uribia', N'La Guajira');
INSERT INTO locations (id, country, city, state) VALUES (52, N'Colombia', N'Piedecuesta', N'Santander');
INSERT INTO locations (id, country, city, state) VALUES (53, N'Colombia', N'Facatativa', N'Cundinamarca');
INSERT INTO locations (id, country, city, state) VALUES (54, N'Colombia', N'Guadalajara de Buga', N'Valle Del Cauca');
INSERT INTO locations (id, country, city, state) VALUES (55, N'Colombia', N'Santander de Quilichao', N'Cauca');
INSERT INTO locations (id, country, city, state) VALUES (56, N'Colombia', N'Sogamoso', N'Boyacá');
INSERT INTO locations (id, country, city, state) VALUES (57, N'Colombia', N'Madrid', N'Cundinamarca');
INSERT INTO locations (id, country, city, state) VALUES (58, N'Colombia', N'Aguachica', N'Cesar');
INSERT INTO locations (id, country, city, state) VALUES (59, N'Colombia', N'Ipiales', N'Nariño');

INSERT INTO locations (id, country, city, state)
VALUES
    (60, N'Colombia', N'Yopal', N'Casanare'),
    (61, N'Colombia', N'Chia', N'Cundinamarca'),
    (62, N'Colombia', N'Jamundi', N'Valle Del Cauca'),
    (63, N'Colombia', N'Arauca', N'Arauca'),
    (64, N'Colombia', N'Yumbo', N'Valle Del Cauca'),
    (65, N'Colombia', N'Mosquera', N'Cundinamarca'),
    (66, N'Colombia', N'Fundacion', N'Magdalena'),
    (67, N'Colombia', N'Ocana', N'Norte De Santander'),
    (68, N'Colombia', N'Montelibano', N'Córdoba'),
    (69, N'Colombia', N'Tumaco', N'Nariño'),
    (70, N'Colombia', N'Chiquinquira', N'Boyacá'),
    (71, N'Colombia', N'Sabanalarga', N'Atlántico'),
    (72, N'Colombia', N'Chigorodo', N'Antioquia'),
    (73, N'Colombia', N'Cerete', N'Córdoba'),
    (74, N'Colombia', N'Sabaneta', N'Antioquia'),
    (75, N'Colombia', N'Caldas', N'Antioquia'),
    (76, N'Colombia', N'Funza', N'Cundinamarca'),
    (77, N'Colombia', N'Los Patios', N'Norte De Santander'),
    (78, N'Colombia', N'Tierralta', N'Córdoba'),
    (79, N'Colombia', N'Arjona', N'Bolívar'),
    (80, N'Colombia', N'Espinal', N'Tolima'),
    (81, N'Colombia', N'Acacias', N'Meta'),
    (82, N'Colombia', N'Copacabana', N'Antioquia'),
    (83, N'Colombia', N'Santa Rosa de Cabal', N'Risaralda'),
    (84, N'Colombia', N'San Vicente del Caguan', N'Caquetá'),
    (85, N'Colombia', N'La Dorada', N'Caldas'),
    (86, N'Colombia', N'San Andres', N'San Andrés Y Providencia'),
    (87, N'Colombia', N'Corozal', N'Sucre'),
    (88, N'Colombia', N'Villa del Rosario', N'Norte De Santander'),
    (89, N'Colombia', N'Garzon', N'Huila'),
    (90, N'Colombia', N'Planeta Rica', N'Córdoba'),
    (91, N'Colombia', N'Necocli', N'Antioquia'),
    (92, N'Colombia', N'San Jose del Guaviare', N'Guaviare'),
    (93, N'Colombia', N'Manaure', N'La Guajira'),
    (94, N'Colombia', N'El Carmen de Bolivar', N'Bolívar'),
    (95, N'Colombia', N'Marinilla', N'Antioquia'),
    (96, N'Colombia', N'Cienaga de Oro', N'Córdoba'),
    (97, N'Colombia', N'Turbaco', N'Bolívar'),
    (98, N'Colombia', N'Puerto Asis', N'Putumayo'),
    (99, N'Colombia', N'Riosucio', N'Caldas'),
    (100, N'Colombia', N'Plato', N'Magdalena'),
    (101, N'Colombia', N'Villamaria', N'Caldas'),
    (102, N'Colombia', N'San Marcos', N'Sucre'),
    (103, N'Colombia', N'Florida', N'Valle Del Cauca'),
    (104, N'Colombia', N'Pamplona', N'Norte De Santander'),
    (105, N'Colombia', N'Pradera', N'Valle Del Cauca'),
    (106, N'Colombia', N'Orito', N'Putumayo'),
    (107, N'Colombia', N'Riosucio', N'Chocó'),
    (108, N'Colombia', N'Puerto Boyaca', N'Boyacá'),
    (109, N'Colombia', N'El Banco', N'Magdalena'),
    (110, N'Colombia', N'San Gil', N'Santander');

INSERT INTO locations (id, country, city, state) VALUES (111, N'Colombia', N'Valle del Guamuez', N'Putumayo');
INSERT INTO locations (id, country, city, state) VALUES (112, N'Colombia', N'Puerto Libertador', N'Córdoba');
INSERT INTO locations (id, country, city, state) VALUES (113, N'Colombia', N'Tame', N'Arauca');
INSERT INTO locations (id, country, city, state) VALUES (114, N'Colombia', N'Barbosa', N'Antioquia');
INSERT INTO locations (id, country, city, state) VALUES (115, N'Colombia', N'Lorica', N'Córdoba');
INSERT INTO locations (id, country, city, state) VALUES (116, N'Colombia', N'San Onofre', N'Sucre');
INSERT INTO locations (id, country, city, state) VALUES (117, N'Colombia', N'El Bagre', N'Antioquia');
INSERT INTO locations (id, country, city, state) VALUES (118, N'Colombia', N'Girardota', N'Antioquia');
INSERT INTO locations (id, country, city, state) VALUES (119, N'Colombia', N'Guarne', N'Antioquia');
INSERT INTO locations (id, country, city, state) VALUES (120, N'Colombia', N'Chinu', N'Córdoba');
INSERT INTO locations (id, country, city, state) VALUES (121, N'Colombia', N'Baranoa', N'Atlántico');
INSERT INTO locations (id, country, city, state) VALUES (122, N'Colombia', N'Cimitarra', N'Santander');
INSERT INTO locations (id, country, city, state) VALUES (123, N'Colombia', N'Maria la Baja', N'Bolívar');
INSERT INTO locations (id, country, city, state) VALUES (124, N'Colombia', N'Agustin Codazzi', N'Cesar');
INSERT INTO locations (id, country, city, state) VALUES (125, N'Colombia', N'Samaniego', N'Nariño');
INSERT INTO locations (id, country, city, state) VALUES (126, N'Colombia', N'Carepa', N'Antioquia');
INSERT INTO locations (id, country, city, state) VALUES (127, N'Colombia', N'La Vega', N'Cauca');
INSERT INTO locations (id, country, city, state) VALUES (128, N'Colombia', N'Chaparral', N'Tolima');
INSERT INTO locations (id, country, city, state) VALUES (129, N'Colombia', N'San Andres de Sotavento', N'Córdoba');
INSERT INTO locations (id, country, city, state) VALUES (130, N'Colombia', N'Ayapel', N'Córdoba');
INSERT INTO locations (id, country, city, state) VALUES (131, N'Colombia', N'Urrao', N'Antioquia');
INSERT INTO locations (id, country, city, state) VALUES (132, N'Colombia', N'Valencia', N'Córdoba');
INSERT INTO locations (id, country, city, state) VALUES (133, N'Colombia', N'Roldanillo', N'Valle Del Cauca');
INSERT INTO locations (id, country, city, state) VALUES (134, N'Colombia', N'Puerto Tejada', N'Cauca');
INSERT INTO locations (id, country, city, state) VALUES (135, N'Colombia', N'San Pelayo', N'Córdoba');
INSERT INTO locations (id, country, city, state) VALUES (136, N'Colombia', N'Cajica', N'Cundinamarca');
INSERT INTO locations (id, country, city, state) VALUES (137, N'Colombia', N'Arboletes', N'Antioquia');
INSERT INTO locations (id, country, city, state) VALUES (138, N'Colombia', N'Villeta', N'Cundinamarca');
INSERT INTO locations (id, country, city, state) VALUES (139, N'Colombia', N'Andes', N'Antioquia');
INSERT INTO locations (id, country, city, state) VALUES (140, N'Colombia', N'Aguazul', N'Casanare');
INSERT INTO locations (id, country, city, state) VALUES (141, N'Colombia', N'Cumaribo', N'Vichada');
INSERT INTO locations (id, country, city, state) VALUES (142, N'Colombia', N'Miranda', N'Cauca');
INSERT INTO locations (id, country, city, state) VALUES (143, N'Colombia', N'El Charco', N'Nariño');
INSERT INTO locations (id, country, city, state) VALUES (144, N'Colombia', N'Caceres', N'Antioquia');
INSERT INTO locations (id, country, city, state) VALUES (145, N'Colombia', N'Santa Rosa del Sur', N'Bolívar');
INSERT INTO locations (id, country, city, state) VALUES (146, N'Colombia', N'Montenegro', N'Quindío');
INSERT INTO locations (id, country, city, state) VALUES (147, N'Colombia', N'Pueblo Nuevo', N'Córdoba');
INSERT INTO locations (id, country, city, state) VALUES (148, N'Colombia', N'Yarumal', N'Antioquia');
INSERT INTO locations (id, country, city, state) VALUES (149, N'Colombia', N'Tuchin', N'Córdoba');
INSERT INTO locations (id, country, city, state) VALUES (150, N'Colombia', N'Arauquita', N'Arauca');
INSERT INTO locations (id, country, city, state) VALUES (151, N'Colombia', N'Guaduas', N'Cundinamarca');
INSERT INTO locations (id, country, city, state) VALUES (152, N'Colombia', N'Segovia', N'Antioquia');
INSERT INTO locations (id, country, city, state) VALUES (153, N'Colombia', N'Pie de Pato', N'Chocó');
INSERT INTO locations (id, country, city, state) VALUES (154, N'Colombia', N'Cumbal', N'Nariño');
INSERT INTO locations (id, country, city, state) VALUES (155, N'Colombia', N'Aracataca', N'Magdalena');
INSERT INTO locations (id, country, city, state) VALUES (156, N'Colombia', N'La Union', N'Valle Del Cauca');
INSERT INTO locations (id, country, city, state) VALUES (157, N'Colombia', N'Tuquerres', N'Nariño');
INSERT INTO locations (id, country, city, state) VALUES (158, N'Colombia', N'Acevedo', N'Huila');
INSERT INTO locations (id, country, city, state) VALUES (159, N'Colombia', N'Bosconia', N'Cesar');
INSERT INTO locations (id, country, city, state) VALUES (160, N'Colombia', N'Libano', N'Tolima');
INSERT INTO locations (id, country, city, state) VALUES (161, N'Colombia', N'Villa de San Diego de Ubate', N'Cundinamarca');
INSERT INTO locations (id, country, city, state) VALUES (162, N'Colombia', N'San Juan del Cesar', N'La Guajira');
INSERT INTO locations (id, country, city, state) VALUES (163, N'Colombia', N'Puerto Berrio', N'Antioquia');
INSERT INTO locations (id, country, city, state) VALUES (164, N'Colombia', N'Taraza', N'Antioquia');
INSERT INTO locations (id, country, city, state) VALUES (165, N'Colombia', N'Cajibio', N'Cauca');
INSERT INTO locations (id, country, city, state) VALUES (166, N'Colombia', N'Sibate', N'Cundinamarca');
INSERT INTO locations (id, country, city, state) VALUES (167, N'Colombia', N'Sampues', N'Sucre');
INSERT INTO locations (id, country, city, state) VALUES (168, N'Colombia', N'Dibulla', N'La Guajira');
INSERT INTO locations (id, country, city, state) VALUES (169, N'Colombia', N'El Bordo', N'Cauca');
INSERT INTO locations (id, country, city, state) VALUES (170, N'Colombia', N'Santa Rosa de Osos', N'Antioquia');
INSERT INTO locations (id, country, city, state) VALUES (171, N'Colombia', N'Tibu', N'Norte De Santander');
INSERT INTO locations (id, country, city, state) VALUES (172, N'Colombia', N'Melgar', N'Tolima');
INSERT INTO locations (id, country, city, state) VALUES (173, N'Colombia', N'Dagua', N'Valle Del Cauca');
INSERT INTO locations (id, country, city, state) VALUES (174, N'Colombia', N'La Macarena', N'Meta');
INSERT INTO locations (id, country, city, state) VALUES (175, N'Colombia', N'Belalcazar', N'Cauca');
INSERT INTO locations (id, country, city, state) VALUES (176, N'Colombia', N'Sonson', N'Antioquia');
INSERT INTO locations (id, country, city, state) VALUES (177, N'Colombia', N'Tocancipa', N'Cundinamarca');
INSERT INTO locations (id, country, city, state) VALUES (178, N'Colombia', N'San Pablo', N'Bolívar');
INSERT INTO locations (id, country, city, state) VALUES (179, N'Colombia', N'San Bernardo del Viento', N'Córdoba');
INSERT INTO locations (id, country, city, state) VALUES (180, N'Colombia', N'Santiago de Tolu', N'Sucre');
INSERT INTO locations (id, country, city, state) VALUES (181, N'Colombia', N'Guacari', N'Valle Del Cauca');
INSERT INTO locations (id, country, city, state) VALUES (182, N'Colombia', N'Gigante', N'Huila');
INSERT INTO locations (id, country, city, state) VALUES (183, N'Colombia', N'Cartagena del Chaira', N'Caquetá');

INSERT INTO locations (id, country, city, state)
VALUES
    (184, N'Colombia', N'Yarumal', N'Antioquia'),
    (185, N'Colombia', N'Quimbaya', N'Quindío'),
    (186, N'Colombia', N'Fonseca', N'La Guajira'),
    (187, N'Colombia', N'San Vicente de Chucuri', N'Santander'),
    (188, N'Colombia', N'Puerto Lopez', N'Meta'),
    (189, N'Colombia', N'San Luis de Since', N'Sucre'),
    (190, N'Colombia', N'Campoalegre', N'Huila'),
    (191, N'Colombia', N'Buenos Aires', N'Cauca'),
    (192, N'Colombia', N'Caldono', N'Cauca'),
    (193, N'Colombia', N'San Agustin', N'Huila'),
    (194, N'Colombia', N'San Juan Nepomuceno', N'Bolívar'),
    (195, N'Colombia', N'Majagual', N'Sucre'),
    (196, N'Colombia', N'Quinchia', N'Risaralda'),
    (197, N'Colombia', N'Puerto Rico', N'Caquetá'),
    (198, N'Colombia', N'San Antero', N'Córdoba'),
    (199, N'Colombia', N'Corinto', N'Cauca'),
    (200, N'Colombia', N'Pivijay', N'Magdalena'),
    (201, N'Colombia', N'Puebloviejo', N'Magdalena'),
    (202, N'Colombia', N'Bocas de Satinga', N'Nariño'),
    (203, N'Colombia', N'Puerto Escondido', N'Córdoba'),
    (204, N'Colombia', N'Silvia', N'Cauca'),
    (205, N'Colombia', N'El Dificil', N'Magdalena'),
    (206, N'Colombia', N'Inza', N'Cauca'),
    (207, N'Colombia', N'Leticia', N'Amazonas'),
    (208, N'Colombia', N'La Virginia', N'Risaralda'),
    (209, N'Colombia', N'San Pedro de Uraba', N'Antioquia'),
    (210, N'Colombia', N'Remedios', N'Antioquia'),
    (211, N'Colombia', N'Paipa', N'Boyacá'),
    (212, N'Colombia', N'Guachaves', N'Nariño'),
    (213, N'Colombia', N'Sitionuevo', N'Magdalena'),
    (214, N'Colombia', N'Galapa', N'Atlántico'),
    (215, N'Colombia', N'Puerto Wilches', N'Santander'),
    (216, N'Colombia', N'Neira', N'Caldas'),
    (217, N'Colombia', N'Guamo', N'Tolima'),
    (218, N'Colombia', N'Amaga', N'Antioquia'),
    (219, N'Colombia', N'Chimichagua', N'Cesar'),
    (220, N'Colombia', N'Planadas', N'Tolima'),
    (221, N'Colombia', N'Fresno', N'Tolima'),
    (222, N'Colombia', N'Purificacion', N'Tolima'),
    (223, N'Colombia', N'Tabio', N'Cundinamarca'),
    (224, N'Colombia', N'Barbosa', N'Santander'),
    (225, N'Colombia', N'Flandes', N'Tolima'),
    (226, N'Colombia', N'Aipe', N'Huila'),
    (227, N'Colombia', N'Sopo', N'Cundinamarca'),
    (228, N'Colombia', N'Monitos', N'Córdoba'),
    (229, N'Colombia', N'La Dorada', N'Putumayo'),
    (230, N'Colombia', N'La Calera', N'Cundinamarca'),
    (231, N'Colombia', N'Caicedonia', N'Valle Del Cauca');

INSERT INTO locations (id, country, city, state)
VALUES
    (232, N'Colombia', N'Hatonuevo', N'La Guajira'),
    (233, N'Colombia', N'San Carlos', N'Córdoba'),
    (234, N'Colombia', N'Isnos', N'Huila'),
    (235, N'Colombia', N'Coyaima', N'Tolima'),
    (236, N'Colombia', N'Mitu', N'Vaupés'),
    (237, N'Colombia', N'Guamal', N'Magdalena'),
    (238, N'Colombia', N'Circasia', N'Quindío'),
    (239, N'Colombia', N'Argelia', N'Cauca'),
    (240, N'Colombia', N'Supia', N'Caldas'),
    (241, N'Colombia', N'Ciudad Bolivar', N'Antioquia'),
    (242, N'Colombia', N'Tauramena', N'Casanare'),
    (243, N'Colombia', N'San Juan de Uraba', N'Antioquia'),
    (244, N'Colombia', N'Pueblo Bello', N'Cesar'),
    (245, N'Colombia', N'Fortul', N'Arauca'),
    (246, N'Colombia', N'Morales', N'Cauca'),
    (247, N'Colombia', N'Los Cordobas', N'Córdoba'),
    (248, N'Colombia', N'San Benito Abad', N'Sucre'),
    (249, N'Colombia', N'Puerto Colombia', N'Atlántico'),
    (250, N'Colombia', N'San Alberto', N'Cesar'),
    (251, N'Colombia', N'Balboa', N'Cauca'),
    (252, N'Colombia', N'Pensilvania', N'Caldas'),
    (253, N'Colombia', N'Paz de Ariporo', N'Casanare'),
    (254, N'Colombia', N'Buesaco', N'Nariño'),
    (255, N'Colombia', N'Mahates', N'Bolívar'),
    (256, N'Colombia', N'Istmina', N'Chocó'),
    (257, N'Colombia', N'Santa Ana', N'Magdalena'),
    (258, N'Colombia', N'San Martin', N'Meta'),
    (259, N'Colombia', N'Nechi', N'Antioquia'),
    (260, N'Colombia', N'Yolombo', N'Antioquia'),
    (261, N'Colombia', N'Solano', N'Caquetá'),
    (262, N'Colombia', N'Vistahermosa', N'Meta'),
    (263, N'Colombia', N'San Jose', N'Nariño'),
    (264, N'Colombia', N'La Union', N'Nariño'),
    (265, N'Colombia', N'Choconta', N'Cundinamarca'),
    (266, N'Colombia', N'Sandona', N'Nariño'),
    (267, N'Colombia', N'Pinillos', N'Bolívar'),
    (268, N'Colombia', N'Socorro', N'Santander'),
    (269, N'Colombia', N'Sabanagrande', N'Atlántico'),
    (270, N'Colombia', N'Villanueva', N'Casanare'),
    (271, N'Colombia', N'Algeciras', N'Huila'),
    (272, N'Colombia', N'Santa Rosa', N'Bolívar'),
    (273, N'Colombia', N'Calamar', N'Bolívar'),
    (274, N'Colombia', N'El Retorno', N'Guaviare'),
    (275, N'Colombia', N'Valdivia', N'Antioquia'),
    (276, N'Colombia', N'Puerto Guzman', N'Putumayo'),
    (277, N'Colombia', N'La Montanita', N'Caquetá'),
    (278, N'Colombia', N'Donmatias', N'Antioquia'),
    (279, N'Colombia', N'Rioblanco', N'Tolima');

INSERT INTO locations (id, country, city, state) VALUES
    (280, N'Colombia', N'Marsella', N'Risaralda'),
    (281, N'Colombia', N'Cogua', N'Cundinamarca'),
    (282, N'Colombia', N'El Zulia', N'Norte De Santander'),
    (283, N'Colombia', N'Honda', N'Tolima'),
    (284, N'Colombia', N'El Paso', N'Cesar'),
    (285, N'Colombia', N'Canalete', N'Córdoba'),
    (286, N'Colombia', N'Teorama', N'Norte De Santander'),
    (287, N'Colombia', N'San Jose', N'Nariño'),
    (288, N'Colombia', N'Alcala', N'Valle Del Cauca'),
    (289, N'Colombia', N'Santo Tomas', N'Atlántico'),
    (290, N'Colombia', N'Puerto Concordia', N'Meta'),
    (291, N'Colombia', N'Achi', N'Bolívar'),
    (292, N'Colombia', N'Curumani', N'Cesar'),
    (293, N'Colombia', N'Palmar de Varela', N'Atlántico'),
    (294, N'Colombia', N'Dabeiba', N'Antioquia'),
    (295, N'Colombia', N'Luruaco', N'Atlántico'),
    (296, N'Colombia', N'Guadalupe', N'Huila'),
    (297, N'Colombia', N'Santa Fe de Antioquia', N'Antioquia'),
    (298, N'Colombia', N'Amalfi', N'Antioquia'),
    (299, N'Colombia', N'Buenavista', N'Córdoba'),
    (300, N'Colombia', N'Manzanares', N'Caldas'),
    (301, N'Colombia', N'Sardinata', N'Norte De Santander'),
    (302, N'Colombia', N'Mutata', N'Antioquia'),
    (303, N'Colombia', N'La Jagua de Ibirico', N'Cesar'),
    (304, N'Colombia', N'Natagaima', N'Tolima'),
    (305, N'Colombia', N'El Doncello', N'Caquetá'),
    (306, N'Colombia', N'El Colegio', N'Cundinamarca'),
    (307, N'Colombia', N'Repelon', N'Atlántico'),
    (308, N'Colombia', N'Pailitas', N'Cesar'),
    (309, N'Colombia', N'Timbiqui', N'Cauca'),
    (310, N'Colombia', N'Tiquisio', N'Bolívar'),
    (311, N'Colombia', N'Mocoa', N'Putumayo'),
    (312, N'Colombia', N'Silvania', N'Cundinamarca'),
    (313, N'Colombia', N'Taminango', N'Nariño'),
    (314, N'Colombia', N'Villa de Leyva', N'Boyacá'),
    (315, N'Colombia', N'Ginebra', N'Valle Del Cauca'),
    (316, N'Colombia', N'Puerto Triunfo', N'Antioquia'),
    (317, N'Colombia', N'San Jacinto', N'Bolívar'),
    (318, N'Colombia', N'Nueva Granada', N'Magdalena');


INSERT INTO locations (id, country, city, state) VALUES
    (319, N'Colombia', N'Galeras', N'Sucre'),
    (320, N'Colombia', N'Villagarzon', N'Putumayo'),
    (321, N'Colombia', N'San Bernardo', N'Nariño'),
    (322, N'Colombia', N'El Paujil', N'Caquetá'),
    (323, N'Colombia', N'Santa Barbara', N'Antioquia'),
    (324, N'Colombia', N'Moniquira', N'Boyacá'),
    (325, N'Colombia', N'Almaguer', N'Cauca'),
    (326, N'Colombia', N'Aguadas', N'Caldas'),
    (327, N'Colombia', N'Montecristo', N'Bolívar'),
    (328, N'Colombia', N'Suaza', N'Huila'),
    (329, N'Colombia', N'Villapinzon', N'Cundinamarca'),
    (330, N'Colombia', N'Fredonia', N'Antioquia'),
    (331, N'Colombia', N'El Reten', N'Magdalena'),
    (332, N'Colombia', N'Bugalagrande', N'Valle Del Cauca'),
    (333, N'Colombia', N'Sotomayor', N'Nariño'),
    (334, N'Colombia', N'Ovejas', N'Sucre'),
    (335, N'Colombia', N'Samaca', N'Boyacá'),
    (336, N'Colombia', N'Timana', N'Huila'),
    (337, N'Colombia', N'San Lorenzo', N'Nariño'),
    (338, N'Colombia', N'Simiti', N'Bolívar'),
    (339, N'Colombia', N'Concordia', N'Antioquia'),
    (340, N'Colombia', N'Tenjo', N'Cundinamarca'),
    (341, N'Colombia', N'Rovira', N'Tolima'),
    (342, N'Colombia', N'Inirida', N'Guainía'),
    (343, N'Colombia', N'Urumita', N'La Guajira'),
    (344, N'Colombia', N'Polonuevo', N'Atlántico'),
    (345, N'Colombia', N'La Union', N'Antioquia'),
    (346, N'Colombia', N'Tado', N'Chocó');


INSERT INTO locations (id, country, city, state) VALUES
    (347, N'Colombia', N'Velez', N'Santander'),
    (348, N'Colombia', N'Tocaima', N'Cundinamarca'),
    (349, N'Colombia', N'Ponedera', N'Atlántico'),
    (350, N'Colombia', N'Campo de la Cruz', N'Atlántico'),
    (351, N'Colombia', N'Sabana de Torres', N'Santander'),
    (352, N'Colombia', N'Pelaya', N'Cesar'),
    (353, N'Colombia', N'Salgar', N'Antioquia'),
    (354, N'Colombia', N'La Primavera', N'Vichada'),
    (355, N'Colombia', N'Totoro', N'Cauca'),
    (356, N'Colombia', N'Guaranda', N'Sucre'),
    (357, N'Colombia', N'Suesca', N'Cundinamarca'),
    (358, N'Colombia', N'Betulia', N'Antioquia'),
    (359, N'Colombia', N'El Rosal', N'Cundinamarca'),
    (360, N'Colombia', N'Retiro', N'Antioquia'),
    (361, N'Colombia', N'Puerto Carreno', N'Vichada'),
    (362, N'Colombia', N'El Pinon', N'Magdalena'),
    (363, N'Colombia', N'Anori', N'Antioquia'),
    (364, N'Colombia', N'Aquitania', N'Boyacá'),
    (365, N'Colombia', N'Chivolo', N'Magdalena'),
    (366, N'Colombia', N'Guasca', N'Cundinamarca'),
    (367, N'Colombia', N'Landazuri', N'Santander'),
    (368, N'Colombia', N'Tamesis', N'Antioquia'),
    (369, N'Colombia', N'La Apartada', N'Córdoba'),
    (370, N'Colombia', N'Obando', N'Valle Del Cauca'),
    (371, N'Colombia', N'Condoto', N'Chocó'),
    (372, N'Colombia', N'Anapoima', N'Cundinamarca'),
    (373, N'Colombia', N'Sopetran', N'Antioquia'),
    (374, N'Colombia', N'Tenerife', N'Magdalena'),
    (375, N'Colombia', N'Juan de Acosta', N'Atlántico'),
    (376, N'Colombia', N'Titiribi', N'Antioquia'),
    (377, N'Colombia', N'El Carmen de Atrato', N'Chocó'),
    (378, N'Colombia', N'Rio de Oro', N'Cesar'),
    (379, N'Colombia', N'Cordoba', N'Nariño'),
    (380, N'Colombia', N'Guapi', N'Cauca'),
    (381, N'Colombia', N'Jardin', N'Antioquia'),
    (382, N'Colombia', N'Altos del Rosario', N'Bolívar'),
    (383, N'Colombia', N'Filandia', N'Quindío'),
    (384, N'Colombia', N'Manati', N'Atlántico'),
    (385, N'Colombia', N'San Jacinto del Cauca', N'Bolívar'),
    (386, N'Colombia', N'Rosas', N'Cauca'),
    (387, N'Colombia', N'Anolaima', N'Cundinamarca'),
    (388, N'Colombia', N'Los Santos', N'Santander'),
    (389, N'Colombia', N'Santa Barbara de Pinto', N'Magdalena'),
    (390, N'Colombia', N'Saboya', N'Boyacá'),
    (391, N'Colombia', N'Hatillo de Loba', N'Bolívar'),
    (392, N'Colombia', N'Cordoba', N'Bolívar'),
    (393, N'Colombia', N'Ebejico', N'Antioquia'),
    (394, N'Colombia', N'Caimito', N'Sucre'),
    (395, N'Colombia', N'Curiti', N'Santander'),
    (396, N'Colombia', N'Oiba', N'Santander'),
    (397, N'Colombia', N'Puente Nacional', N'Santander'),
    (398, N'Colombia', N'Candelaria', N'Atlántico'),
    (399, N'Colombia', N'Santa Lucia', N'Atlántico');


INSERT INTO locations (id, country, city, state) VALUES
    (400, N'Colombia', N'La Union', N'Sucre'),
    (401, N'Colombia', N'Cisneros', N'Antioquia'),
    (402, N'Colombia', N'Guayabal', N'Tolima'),
    (403, N'Colombia', N'Talaigua Nuevo', N'Bolívar'),
    (404, N'Colombia', N'Covenas', N'Sucre'),
    (405, N'Colombia', N'El Playon', N'Santander'),
    (406, N'Colombia', N'Belen de los Andaquies', N'Caquetá'),
    (407, N'Colombia', N'El Aguila', N'Valle Del Cauca'),
    (408, N'Colombia', N'Agua de Dios', N'Cundinamarca'),
    (409, N'Colombia', N'El Tarra', N'Norte De Santander'),
    (410, N'Colombia', N'Mogotes', N'Santander'),
    (411, N'Colombia', N'Santo Domingo', N'Antioquia'),
    (412, N'Colombia', N'Tubara', N'Atlántico'),
    (413, N'Colombia', N'Regidor', N'Bolívar'),
    (414, N'Colombia', N'Lenguazaque', N'Cundinamarca'),
    (415, N'Colombia', N'Charala', N'Santander'),
    (416, N'Colombia', N'Medina', N'Cundinamarca'),
    (417, N'Colombia', N'Granada', N'Antioquia'),
    (418, N'Colombia', N'Suaita', N'Santander'),
    (419, N'Colombia', N'Margarita', N'Bolívar'),
    (420, N'Colombia', N'Norosi', N'Bolívar'),
    (421, N'Colombia', N'Puerto Narino', N'Amazonas'),
    (422, N'Colombia', N'Chita', N'Boyacá'),
    (423, N'Colombia', N'Pesca', N'Boyacá'),
    (424, N'Colombia', N'Granada', N'Cundinamarca'),
    (425, N'Colombia', N'Tibana', N'Boyacá'),
    (426, N'Colombia', N'San Zenon', N'Magdalena'),
    (427, N'Colombia', N'Nuqui', N'Chocó'),
    (428, N'Colombia', N'Alvarado', N'Tolima'),
    (429, N'Colombia', N'Guatape', N'Antioquia'),
    (430, N'Colombia', N'Bojaca', N'Cundinamarca'),
    (431, N'Colombia', N'Zapatoca', N'Santander'),
    (432, N'Colombia', N'Junin', N'Cundinamarca'),
    (433, N'Colombia', N'Iles', N'Nariño'),
    (434, N'Colombia', N'La Belleza', N'Santander'),
    (435, N'Colombia', N'Usiacuri', N'Atlántico'),
    (436, N'Colombia', N'Muzo', N'Boyacá'),
    (437, N'Colombia', N'Orocue', N'Casanare'),
    (438, N'Colombia', N'Puerres', N'Nariño'),
    (439, N'Colombia', N'San Francisco', N'Cundinamarca'),
    (440, N'Colombia', N'Aratoca', N'Santander'),
    (441, N'Colombia', N'Uramita', N'Antioquia'),
    (442, N'Colombia', N'Uribe', N'Meta'),
    (443, N'Colombia', N'Motavita', N'Boyacá'),
    (444, N'Colombia', N'Pedraza', N'Magdalena'),
    (445, N'Colombia', N'Puerto Parra', N'Santander'),
    (446, N'Colombia', N'San Luis de Palenque', N'Casanare'),
    (447, N'Colombia', N'Paratebueno', N'Cundinamarca'),
    (448, N'Colombia', N'Santana', N'Boyacá'),
    (449, N'Colombia', N'Coromoro', N'Santander'),
    (450, N'Colombia', N'Ambalema', N'Tolima');


INSERT INTO locations (id, country, city, state) VALUES
    (451, N'Colombia', N'Tarso', N'Antioquia'),
    (452, N'Colombia', N'Maripi', N'Boyacá'),
    (453, N'Colombia', N'Simacota', N'Santander'),
    (454, N'Colombia', N'Soata', N'Boyacá'),
    (455, N'Colombia', N'Tona', N'Santander'),
    (456, N'Colombia', N'Socha', N'Boyacá'),
    (457, N'Colombia', N'Salento', N'Quindío'),
    (458, N'Colombia', N'Boavita', N'Boyacá'),
    (459, N'Colombia', N'Guatavita', N'Cundinamarca'),
    (460, N'Colombia', N'Guican', N'Boyacá'),
    (461, N'Colombia', N'Cubara', N'Boyacá'),
    (462, N'Colombia', N'Albania', N'Caquetá'),
    (463, N'Colombia', N'Tasco', N'Boyacá'),
    (464, N'Colombia', N'Florian', N'Santander'),
    (465, N'Colombia', N'Heliconia', N'Antioquia'),
    (466, N'Colombia', N'Coloso', N'Sucre'),
    (467, N'Colombia', N'Alban', N'Cundinamarca'),
    (468, N'Colombia', N'Sutamarchan', N'Boyacá'),
    (469, N'Colombia', N'Chitaraque', N'Boyacá'),
    (470, N'Colombia', N'Zipacon', N'Cundinamarca'),
    (471, N'Colombia', N'Chiquiza', N'Boyacá'),
    (472, N'Colombia', N'Villanueva', N'Santander'),
    (473, N'Colombia', N'Caramanta', N'Antioquia'),
    (474, N'Colombia', N'Tota', N'Boyacá'),
    (475, N'Colombia', N'Cordoba', N'Quindío'),
    (476, N'Colombia', N'El Cocuy', N'Boyacá'),
    (477, N'Colombia', N'Arcabuco', N'Boyacá'),
    (478, N'Colombia', N'San Jose de Pare', N'Boyacá'),
    (479, N'Colombia', N'Betulia', N'Santander'),
    (480, N'Colombia', N'Labranzagrande', N'Boyacá'),
    (481, N'Colombia', N'Jurado', N'Chocó'),
    (482, N'Colombia', N'Ituango', N'Antioquia'),
    (483, N'Colombia', N'Cota', N'Cundinamarca');



-- Agrego las especies
INSERT INTO species (name) VALUES ('gato'), ('perro'), ('caballo');

-- agrego las razas de perro
INSERT INTO breeds (species_id, name) VALUES
    (2, N'Akita Inu'),
    (2, N'Beagle'),
    (2, N'Bichon Frise'),
    (2, N'Border Collie'),
    (2, N'Boston Terrier'),
    (2, N'Boxer'),
    (2, N'Bull Terrier'),
    (2, N'Bulldog Frances'),
    (2, N'Bulldog Ingles'),
    (2, N'Caniche Toy'),
    (2, N'Chihuahua'),
    (2, N'Dachshund'),
    (2, N'Doberman Pinscher'),
    (2, N'Dogo Argentino'),
    (2, N'Golden Retriever'),
    (2, N'Gran Danes'),
    (2, N'Greyhound'),
    (2, N'Labrador Retriever'),
    (2, N'Maltes'),
    (2, N'Mastin Napolitano'),
    (2, N'Mestizo'),
    (2, N'Pastor Aleman'),
    (2, N'Pomerania'),
    (2, N'Poodle'),
    (2, N'Pug'),
    (2, N'Rottweiler'),
    (2, N'Schnauzer'),
    (2, N'Shar Pei'),
    (2, N'Shetland Sheepdog'),
    (2, N'Shiba Inu'),
    (2, N'Yorkshire Terrier');



-- ingreso las razas de gatos

INSERT INTO breeds (species_id, name) VALUES
    (1, N'Angora turco'),
    (1, N'Azul ruso'),
    (1, N'Bengali'),
    (1, N'Maine Coon'),
    (1, N'Mestizo'),
    (1, N'Persa'),
    (1, N'Ragdoll'),
    (1, N'Siberiano'),
    (1, N'Siames');


-- ingreso de user-details --
INSERT INTO user_details (user_id, location_id, cellphone, created_at, updated_at)
VALUES
    ('b1c7d38f-6a92-412d-9e81', 1, '555-1111', '2023-11-05 00:00:00', '2023-11-05 00:00:00'),
    ('d0e4f6a5-3c78-8421-9eaa', 2, '555-2222', '2023-11-05 00:00:00', '2023-11-05 00:00:00'),
    ('f9e2d5c1-6b47-129d-8a8e', 3, '555-3333', '2023-11-05 00:00:00', '2023-11-05 00:00:00'),
    ('9c4e2f5a1-7b8c-3d2e-1f8a', 4, '555-4444', '2023-11-05 00:00:00', '2023-11-05 00:00:00'),
    ('e1a3f2b5-4c7d-8e2d-9a8a', 5, '555-5555', '2023-11-05 00:00:00', '2023-11-05 00:00:00'),
    ('2f1d3a5e-6b8c4d2-1e9-8a9e', 6, '555-6666', '2023-11-05 00:00:00', '2023-11-05 00:00:00'),
    ('a9e2f5d1-c7b8-1e2d-8a7a', 7, '555-7777', '2023-11-05 00:00:00', '2023-11-05 00:00:00'),
    ('5b1c7e9d2-4c3d8-2e1d-1a9a', 8, '555-8888', '2023-11-05 00:00:00', '2023-11-05 00:00:00'),
    ('1a2e3f5d7-6b8c-4d3e-2f1a', 9, '555-9999', '2023-11-05 00:00:00', '2023-11-05 00:00:00'),
    ('8f9e2d5c1-7b8c4d2-1e2d', 10, '555-1010', '2023-11-05 00:00:00', '2023-11-05 00:00:00'),
    ('1c337090-0d59-45b8-ba82-428395de0da2', 11, '555-1111', '2023-11-06 12:00:00', '2023-11-06 12:00:00'),
    ('792aea21-d936-444e-8e0b-a0da9e71f70f', 12, '555-2222', '2023-11-06 12:00:00', '2023-11-06 12:00:00'),
    ('30f72ee2-ea5e-45f3-bb52-cf0deeea2450', 13, '555-3333', '2023-11-06 12:00:00', '2023-11-06 12:00:00'),
    ('f4e29255-9306-4b51-9dd1-c28527b2d0a0', 14, '555-4444', '2023-11-06 12:00:00', '2023-11-06 12:00:00'),
    ('c9a294ee-0204-4c76-ba55-f85cab8406aa', 15, '555-5555', '2023-11-06 12:00:00', '2023-11-06 12:00:00'),
    ('0903c1eb-49e1-40e2-b472-76ca7b50bfce', 16, '555-6666', '2023-11-06 12:00:00', '2023-11-06 12:00:00'),
    ('48ada9ca-f429-4b94-bea8-c037739ac512', 17, '555-7777', '2023-11-06 12:00:00', '2023-11-06 12:00:00'),
    ('a7e57d70-c2d2-4aa3-a2d5-3d9b532b8686', 18, '555-8888', '2023-11-06 12:00:00', '2023-11-06 12:00:00'),
    ('ed19d0d2-742a-4336-8b9e-e180a6f57ae5', 19, '555-9999', '2023-11-06 12:00:00', '2023-11-06 12:00:00'),
    ('eff5857a-c55f-413e-adc6-4580e51de220', 20, '555-1010', '2023-11-06 12:00:00', '2023-11-06 12:00:00');

-- ingreso de mascotas --
INSERT INTO pets (name, owner_id, breed_id, status, size, gender, description, age)
VALUES
    (N'Buddy', 1, 21, 'MASCOTA_PROPIA', N'MEDIANO', 'MACHO', N'Buddy es un perro cariñoso y juguetón que adora correr por el parque.', 3),
    (N'Luna', 2, 32, 'MASCOTA_PROPIA', N'PEQUEÑO', 'HEMBRA', N'Luna es una gatita elegante y curiosa que le encanta explorar la casa.', 2),
    (N'Max', 3, 21, 'MASCOTA_PROPIA', N'GRANDE', 'MACHO', N'Max es un perro grande y amigable que siempre está listo para pasear.', 4),
    (N'Molly', 4, 21, 'EN_ADOPCION', N'MEDIANO', 'HEMBRA', N'Molly es una perrita dulce y leal que adora estar en compañía de su familia.', 5),
    (N'Rocky', 5, 15, 'EN_ADOPCION', N'PEQUEÑO', 'MACHO', N'Rocky es un perro pequeño pero valiente que protege a su familia en todo momento.', 3),
    (N'Bella', 6, 18, 'EN_ADOPCION', N'GRANDE', 'HEMBRA', N'Bella es una perrita grande y gentil que disfruta de largos paseos en el parque.', 6),
    (N'Charlie', 7, 14, 'EN_ADOPCION', N'MEDIANO', 'MACHO', N'Charlie es un perro amigable y enérgico que siempre está lleno de energía.', 2),
    (N'Daisy', 8, 3, 'EN_ADOPCION', N'PEQUEÑO', 'HEMBRA', N'Daisy es una perrita pequeña y traviesa que adora jugar con sus juguetes.', 4),
    (N'Cooper', 9, 21, 'EN_ADOPCION', N'GRANDE', 'MACHO', N'Cooper es un perro grande y protector que siempre cuida de su familia.', 5),
    (N'Zoe', 10, 36, 'EN_ADOPCION', N'MEDIANO', 'HEMBRA', N'Zoe es una gatita cariñosa y juguetona que ama los mimos y caricias.', 1),
    (N'Pirata', 1, 37, 'EN_ADOPCION', N'PEQUEÑO', 'MACHO', N'Pirata es un gatito curioso y aventurero que está buscando un hogar.', 2),
    (N'Misty', 2, 29, 'EN_ADOPCION', N'GRANDE', 'HEMBRA', N'Misty es una perra grande y dulce que merece una familia amorosa.', 6),
    (N'Leo', 3, 7, 'EN_ADOPCION', N'MEDIANO', 'MACHO', N'Leo es un perro activo y juguetón que necesita un lugar donde correr y jugar.', 3),
    (N'Lucky', 4, 1, 'ADOPTADA', N'PEQUEÑO', 'HEMBRA', N'Lucky es una perrita afortunada en busca de un hogar cálido y cariñoso.', 5),
    (N'Oliver', 5, 19, 'ADOPTADA', N'GRANDE', 'MACHO', N'Oliver es un perro grande y noble que se lleva bien con todos.', 4),
    (N'Sasha', 6, 18, 'ADOPTADA', N'MEDIANO', 'HEMBRA', N'Sasha es una perra mediana y cariñosa que te dará mucho amor.', 2),
    (N'Teddy', 7, 31, 'ADOPTADA', N'PEQUEÑO', 'MACHO', N'Teddy es un perrito pequeño y tierno en busca de un compañero fiel.', 1),
    (N'Bentley', 8, 4, 'ADOPTADA', N'GRANDE', 'HEMBRA', N'Bentley es una perra grande y leal que te protegerá siempre.', 6),
    (N'Milo', 9, 21, 'ADOPTADA', N'MEDIANO', 'MACHO', N'Milo es un perro mediano y juguetón que alegrará tu hogar.', 4),
    (N'Lucio', 10, 3, 'ADOPTADA', N'PEQUEÑO', 'MACHO', N'Lucio es un perrito pequeño y encantador que te hará sonreír.', 3);


-- ingreso de fotos de mascotas --

INSERT INTO pet_images (pet_id, url, title)
VALUES
-- Mascota 1
    (1, 'https://dl5zpyw5k3jeb.cloudfront.net/photos/pets/69045454/4/?bust=1698597087&width=720', 'Imagen 1'),
    (1, 'https://dl5zpyw5k3jeb.cloudfront.net/photos/pets/69045454/3/?bust=1698597086&width=720', 'Imagen 2'),
    (1, 'https://dl5zpyw5k3jeb.cloudfront.net/photos/pets/69045454/2/?bust=1698597076&width=720', 'Imagen 3'),
    (1, 'https://dl5zpyw5k3jeb.cloudfront.net/photos/pets/69045454/1/?bust=1698597077&width=720', 'Imagen 4'),
    (1, 'https://dl5zpyw5k3jeb.cloudfront.net/photos/pets/69045454/1/?bust=1698597077&width=720', 'Imagen 5'),
-- Mascota 2
    (2, 'https://dl5zpyw5k3jeb.cloudfront.net/photos/pets/69418255/1/?bust=1698501917&width=720', 'Imagen 1'),
    (2, 'https://dl5zpyw5k3jeb.cloudfront.net/photos/pets/69418255/2/?bust=1698854774&width=720', 'Imagen 2'),
    (2, 'https://dl5zpyw5k3jeb.cloudfront.net/photos/pets/69418255/3/?bust=1698847518&width=720', 'Imagen 3'),
    (2, 'https://dl5zpyw5k3jeb.cloudfront.net/photos/pets/69418255/4/?bust=1698933933&width=720', 'Imagen 4'),
    (2, 'https://dl5zpyw5k3jeb.cloudfront.net/photos/pets/69418255/5/?bust=1698933933&width=720', 'Imagen 5'),
-- Mascota 3
    (3, 'https://dl5zpyw5k3jeb.cloudfront.net/photos/pets/69045445/1/?bust=1698597059&width=720', 'Imagen 1'),
    (3, 'https://dl5zpyw5k3jeb.cloudfront.net/photos/pets/69045445/2/?bust=1698597059&width=720', 'Imagen 2'),
    (3, 'https://dl5zpyw5k3jeb.cloudfront.net/photos/pets/69045445/3/?bust=1698597059&width=720', 'Imagen 3'),
    (3, 'https://dl5zpyw5k3jeb.cloudfront.net/photos/pets/69045445/4/?bust=1698597059&width=720', 'Imagen 4'),
    (3, 'https://dl5zpyw5k3jeb.cloudfront.net/photos/pets/69045445/5/?bust=1698597059&width=720', 'Imagen 5'),
-- Mascota 4
    (4, 'https://dl5zpyw5k3jeb.cloudfront.net/photos/pets/69045446/1/?bust=1698597070&width=720', 'Imagen 1'),
    (4, 'https://dl5zpyw5k3jeb.cloudfront.net/photos/pets/69045446/2/?bust=1698799846&width=720', 'Imagen 2'),
    (4, 'https://dl5zpyw5k3jeb.cloudfront.net/photos/pets/69045446/3/?bust=1698799977&width=720', 'Imagen 3'),
    (4, 'https://dl5zpyw5k3jeb.cloudfront.net/photos/pets/69045446/4/?bust=1698799848&width=720', 'Imagen 4'),
    (4, 'https://dl5zpyw5k3jeb.cloudfront.net/photos/pets/69045446/5/?bust=1698800002&width=720', 'Imagen 5'),
-- Mascota 5
    (5, 'https://dl5zpyw5k3jeb.cloudfront.net/photos/pets/69045436/1/?bust=1698597050&width=720', 'Imagen 1'),
    (5, 'https://dl5zpyw5k3jeb.cloudfront.net/photos/pets/69045436/2/?bust=1698597051&width=720', 'Imagen 2'),
    (5, 'https://dl5zpyw5k3jeb.cloudfront.net/photos/pets/69045436/3/?bust=1698799913&width=720', 'Imagen 3'),
    (5, 'https://dl5zpyw5k3jeb.cloudfront.net/photos/pets/69045436/4/?bust=1698800130&width=720', 'Imagen 4'),
    (5, 'https://dl5zpyw5k3jeb.cloudfront.net/photos/pets/69045436/5/?bust=1698799989&width=720', 'Imagen 5'),
-- Mascota 6
    (6, 'https://dl5zpyw5k3jeb.cloudfront.net/photos/pets/69045439/1/?bust=1698597081&width=720', 'Imagen 1'),
    (6, 'https://dl5zpyw5k3jeb.cloudfront.net/photos/pets/69045439/2/?bust=1698799979&width=720', 'Imagen 2'),
    (6, 'https://dl5zpyw5k3jeb.cloudfront.net/photos/pets/69045439/3/?bust=1698800125&width=720', 'Imagen 3'),
    (6, 'https://dl5zpyw5k3jeb.cloudfront.net/photos/pets/69045439/5/?bust=1698800003&width=720', 'Imagen 4'),
    (6, 'https://dl5zpyw5k3jeb.cloudfront.net/photos/pets/69045439/6/?bust=1698799908&width=720', 'Imagen 5'),
-- Mascota 7
    (7, 'https://dl5zpyw5k3jeb.cloudfront.net/photos/pets/69045464/1/?bust=1698597080&width=720', 'Imagen 1'),
    (7, 'https://dl5zpyw5k3jeb.cloudfront.net/photos/pets/69045464/2/?bust=1698800122&width=720', 'Imagen 2'),
    (7, 'https://dl5zpyw5k3jeb.cloudfront.net/photos/pets/69045464/3/?bust=1698799998&width=720', 'Imagen 3'),
    (7, 'https://dl5zpyw5k3jeb.cloudfront.net/photos/pets/69045464/4/?bust=1698799976&width=720', 'Imagen 4'),
    (7, 'https://dl5zpyw5k3jeb.cloudfront.net/photos/pets/69045464/6/?bust=1698800001&width=720', 'Imagen 5'),
-- Mascota 8
    (8, 'https://dl5zpyw5k3jeb.cloudfront.net/photos/pets/69045459/1/?bust=1698597058&width=720', 'Imagen 1'),
    (8, 'https://dl5zpyw5k3jeb.cloudfront.net/photos/pets/69045459/2/?bust=1698800005&width=720', 'Imagen 2'),
    (8, 'https://dl5zpyw5k3jeb.cloudfront.net/photos/pets/69045459/3/?bust=1698799789&width=720', 'Imagen 3'),
    (8, 'https://dl5zpyw5k3jeb.cloudfront.net/photos/pets/69045459/4/?bust=1698800005&width=720', 'Imagen 4'),
    (8, 'https://dl5zpyw5k3jeb.cloudfront.net/photos/pets/69045459/5/?bust=1698799912&width=720', 'Imagen 5'),
-- Mascota 9
    (9, 'https://dl5zpyw5k3jeb.cloudfront.net/photos/pets/69045461/1/?bust=1698597056&width=720', 'Imagen 1'),
    (9, 'https://dl5zpyw5k3jeb.cloudfront.net/photos/pets/69045461/2/?bust=1698791459&width=720', 'Imagen 2'),
    (9, 'https://dl5zpyw5k3jeb.cloudfront.net/photos/pets/69045461/4/?bust=1698800127&width=720', 'Imagen 3'),
    (9, 'https://dl5zpyw5k3jeb.cloudfront.net/photos/pets/69045461/5/?bust=1698799987&width=720', 'Imagen 4'),
    (9, 'https://dl5zpyw5k3jeb.cloudfront.net/photos/pets/69045461/6/?bust=1698800126&width=720', 'Imagen 5'),
-- Mascota 10
    (10, 'https://dl5zpyw5k3jeb.cloudfront.net/photos/pets/69133416/1/?bust=1698844493&width=720', 'Imagen 1'),
    (10, 'https://dl5zpyw5k3jeb.cloudfront.net/photos/pets/69133416/2/?bust=1698854779&width=720', 'Imagen 2'),
    (10, 'https://dl5zpyw5k3jeb.cloudfront.net/photos/pets/69133416/3/?bust=1698847511&width=720', 'Imagen 3'),
    (10, 'https://dl5zpyw5k3jeb.cloudfront.net/photos/pets/69133416/4/?bust=1698847511&width=720', 'Imagen 4'),
    (10, 'https://dl5zpyw5k3jeb.cloudfront.net/photos/pets/69133416/5/?bust=1698847512&width=720', 'Imagen 5'),
-- Mascota 11
    (11, 'https://dl5zpyw5k3jeb.cloudfront.net/photos/pets/69515906/1/?bust=1698854779&width=720', 'Imagen 1'),
    (11, 'https://dl5zpyw5k3jeb.cloudfront.net/photos/pets/69515906/2/?bust=1698854779&width=720', 'Imagen 2'),
    (11, 'https://dl5zpyw5k3jeb.cloudfront.net/photos/pets/69515906/3/?bust=1698854780&width=720', 'Imagen 3'),
    (11, 'https://dl5zpyw5k3jeb.cloudfront.net/photos/pets/69515906/4/?bust=1698854780&width=720', 'Imagen 4'),
    (11, 'https://dl5zpyw5k3jeb.cloudfront.net/photos/pets/69515906/5/?bust=1698854780&width=720', 'Imagen 5'),
-- Mascota 12
    (12, 'https://dl5zpyw5k3jeb.cloudfront.net/photos/pets/65065165/1/?bust=1698847518&width=720', 'Imagen 1'),
    (12, 'https://dl5zpyw5k3jeb.cloudfront.net/photos/pets/65065165/2/?bust=1698854774&width=720', 'Imagen 2'),
    (12, 'https://dl5zpyw5k3jeb.cloudfront.net/photos/pets/65065165/3/?bust=1698933935&width=720', 'Imagen 3'),
    (12, 'https://dl5zpyw5k3jeb.cloudfront.net/photos/pets/65065165/4/?bust=1698937537&width=720', 'Imagen 4'),
    (12, 'https://dl5zpyw5k3jeb.cloudfront.net/photos/pets/65065165/6/?bust=1698937537&width=720', 'Imagen 5'),
-- Mascota 13
    (13, 'https://dl5zpyw5k3jeb.cloudfront.net/photos/pets/64757649/1/?bust=1698415534&width=720', 'Imagen 1'),
    (13, 'https://dl5zpyw5k3jeb.cloudfront.net/photos/pets/64757649/2/?bust=1698933936&width=720', 'Imagen 2'),
    (13, 'https://dl5zpyw5k3jeb.cloudfront.net/photos/pets/64757649/3/?bust=1698933936&width=720', 'Imagen 3'),
    (13, 'https://dl5zpyw5k3jeb.cloudfront.net/photos/pets/64757649/4/?bust=1698847511&width=720', 'Imagen 4'),
    (13, 'https://dl5zpyw5k3jeb.cloudfront.net/photos/pets/64757649/5/?bust=1698854773&width=720', 'Imagen 5'),
-- Mascota 14
    (14, 'https://dl5zpyw5k3jeb.cloudfront.net/photos/pets/69045460/1/?bust=1698597096&width=720', 'Imagen 1'),
    (14, 'https://dl5zpyw5k3jeb.cloudfront.net/photos/pets/69045460/2/?bust=1698800110&width=720', 'Imagen 2'),
    (14, 'https://dl5zpyw5k3jeb.cloudfront.net/photos/pets/69045460/3/?bust=1698799901&width=720', 'Imagen 3'),
    (14, 'https://dl5zpyw5k3jeb.cloudfront.net/photos/pets/69045460/4/?bust=1698799993&width=720', 'Imagen 4'),
    (14, 'https://dl5zpyw5k3jeb.cloudfront.net/photos/pets/69045460/5/?bust=1698799901&width=720', 'Imagen 5'),
-- Mascota 15
    (15, 'https://dl5zpyw5k3jeb.cloudfront.net/photos/pets/59235659/1/?bust=1698415533&width=720', 'Imagen 1'),
    (15, 'https://dl5zpyw5k3jeb.cloudfront.net/photos/pets/59235659/2/?bust=1698933933&width=720', 'Imagen 2'),
    (15, 'https://dl5zpyw5k3jeb.cloudfront.net/photos/pets/59235659/3/?bust=1698933934&width=720', 'Imagen 3'),
    (15, 'https://dl5zpyw5k3jeb.cloudfront.net/photos/pets/59235659/4/?bust=1698933936&width=720', 'Imagen 4'),
    (15, 'https://dl5zpyw5k3jeb.cloudfront.net/photos/pets/59235659/5/?bust=1698854774&width=720', 'Imagen 5'),
-- Mascota 16
    (16, 'https://dl5zpyw5k3jeb.cloudfront.net/photos/pets/60224467/1/?bust=1698415537&width=720', 'Imagen 1'),
    (16, 'https://dl5zpyw5k3jeb.cloudfront.net/photos/pets/60224467/3/?bust=1698854773&width=720', 'Imagen 2'),
    (16, 'https://dl5zpyw5k3jeb.cloudfront.net/photos/pets/60224467/4/?bust=1698937533&width=720', 'Imagen 3'),
    (16, 'https://dl5zpyw5k3jeb.cloudfront.net/photos/pets/60224467/5/?bust=1698937534&width=720', 'Imagen 4'),
    (16, 'https://dl5zpyw5k3jeb.cloudfront.net/photos/pets/60224467/6/?bust=1698937534&width=720', 'Imagen 5'),
-- Mascota 17
    (17, 'https://dl5zpyw5k3jeb.cloudfront.net/photos/pets/68789426/1/?bust=1694200095&width=720', 'Imagen 1'),
    (17, 'https://dl5zpyw5k3jeb.cloudfront.net/photos/pets/68789426/2/?bust=1694200096&width=720', 'Imagen 2'),
    (17, 'https://dl5zpyw5k3jeb.cloudfront.net/photos/pets/68789426/3/?bust=1694200096&width=720', 'Imagen 3'),
    (17, 'https://dl5zpyw5k3jeb.cloudfront.net/photos/pets/68789426/4/?bust=1694200097&width=720', 'Imagen 4'),
    (17, 'https://dl5zpyw5k3jeb.cloudfront.net/photos/pets/68789426/5/?bust=1694200097&width=720', 'Imagen 5'),
-- Mascota 18
    (18, 'https://dl5zpyw5k3jeb.cloudfront.net/photos/pets/56318224/5/?bust=1676938978&width=720', 'Imagen 1'),
    (18, 'https://dl5zpyw5k3jeb.cloudfront.net/photos/pets/56318224/1/?bust=1657814255&width=720', 'Imagen 2'),
    (18, 'https://dl5zpyw5k3jeb.cloudfront.net/photos/pets/56318224/2/?bust=1657817318&width=720', 'Imagen 3'),
    (18, 'https://dl5zpyw5k3jeb.cloudfront.net/photos/pets/56318224/3/?bust=1658195045&width=720', 'Imagen 4'),
    (18, 'https://dl5zpyw5k3jeb.cloudfront.net/photos/pets/56318224/4/?bust=1658195155&width=720', 'Imagen 5'),
-- Mascota 19
    (19, 'https://dl5zpyw5k3jeb.cloudfront.net/photos/pets/54158510/4/?bust=1657538915&width=720', 'Imagen 1'),
    (19, 'https://dl5zpyw5k3jeb.cloudfront.net/photos/pets/54158510/1/?bust=1657414162&width=720', 'Imagen 2'),
    (19, 'https://dl5zpyw5k3jeb.cloudfront.net/photos/pets/54158510/2/?bust=1641753917&width=720', 'Imagen 3'),
    (19, 'https://dl5zpyw5k3jeb.cloudfront.net/photos/pets/54158510/3/?bust=1657414166&width=720', 'Imagen 4'),
    (19, 'https://dl5zpyw5k3jeb.cloudfront.net/photos/pets/54158510/5/?bust=1657538915&width=720', 'Imagen 5'),
-- Mascota 20
    (20, 'https://dl5zpyw5k3jeb.cloudfront.net/photos/pets/50762899/1/?bust=1698945326&width=720', 'Imagen 1'),
    (20, 'https://dl5zpyw5k3jeb.cloudfront.net/photos/pets/50762899/2/?bust=1699028432&width=720', 'Imagen 2'),
    (20, 'https://dl5zpyw5k3jeb.cloudfront.net/photos/pets/50762899/3/?bust=1699028436&width=720', 'Imagen 3'),
    (20, 'https://dl5zpyw5k3jeb.cloudfront.net/photos/pets/50762899/4/?bust=1699020930&width=720', 'Imagen 4'),
    (20, 'https://dl5zpyw5k3jeb.cloudfront.net/photos/pets/50762899/5/?bust=1699128942&width=720', 'Imagen 5');


-- ingreso de historial --
INSERT INTO history_states ( pet_id, date, status,user_id) VALUES
    (1, CURRENT_DATE(), 'ADOPTADA',1 ),
    (1, CURRENT_DATE(), 'EN_ADOPCION',2),
    (13, CURRENT_DATE(), 'ADOPTADA',3),
    (5, CURRENT_DATE(), 'EN_ADOPCION',4),
    (7, CURRENT_DATE(), 'ADOPTADA',5);


-- Insertar pruebas resgistro de usuarios

INSERT INTO user_details (user_id, location_id, cellphone, created_at, updated_at) VALUES
('a3f1e25e-5b89-4032-8d7a-9899b0ee0bde', 1, '555-1234-5678', '2023-11-03 10:00:00', '2023-11-03 10:00:00'),
('b4g2f36f-6c98-5043-9e8b-aa99c1ee1bfc', 2, '555-9876-5432', '2023-11-03 10:05:00', '2023-11-03 10:05:00'),
('c5h3g47g-7d09-6054-af9c-bb88d2ff2cfd', 3, '555-5643-5890', '2023-11-03 10:10:00', '2023-11-03 10:10:00');

SET SQL_SAFE_UPDATES = 0;